id,title,artist,description,preview_url,created_at,updated_at,full_url
,Monkeys Spinning Monkeys,Kevin MacLeod,"{Fun,Playful}",,,, 
,Hyperfun,Kevin MacLeod,"{Fun,Upbeat}",,,,
,If I Had a Chicken,Kevin MacLeod,"{Playful,Happy}",,,,
,Carefree,Kevin MacLeod,"{Chill,Happy}",,,,
,Fluffing a Duck,Kevin MacLeod,"{Fun,Playful}",,,,
,Life of Riley,Kevin MacLeod,"{Chill,Happy}",,,,
,Happy Bee,Kevin MacLeod,"{Upbeat,Happy}",,,,
,Amazing Plan,Kevin MacLeod,"{Fun,Playful}",,,,
,Sneaky Snitch,Kevin MacLeod,"{Playful,Fun}",,,,
,The Builder,Kevin MacLeod,"{Playful,Fun}",,,,
,Marty Gots a Plan,Kevin MacLeod,"{Fun,Playful}",,,,
,Scheming Weasel (faster version),Kevin MacLeod,"{Fun,Playful}",,,,
,Look Busy,Kevin MacLeod,"{Upbeat,Fun}",,,,
,Sneaky Adventure,Kevin MacLeod,"{Fun,Playful}",,,,
,The Ice Giants,Kevin MacLeod,"{Epic,Cinematic}",,,,
,Strength of the Titans,Kevin MacLeod,"{Epic,Cinematic}",,,,
,Killers,Kevin MacLeod,"{Epic,Cinematic}",,,,
,Americana,Kevin MacLeod,"{Epic,Upbeat}",,,,
,Hero Down,Kevin MacLeod,"{Epic,Dramatic}",,,,
,For the Fallen,Kevin MacLeod,"{Epic,Emotional}",,,,
,Second Coming - no percussion,Kevin MacLeod,"{Epic,Upbeat}",,,,
,This House,Kevin MacLeod,"{Horror,Scary}",,,,
,Hitman,Kevin MacLeod,"{Scary,Epic}",,,,
,Deep Horrors,Kevin MacLeod,"{Horror,Scary}",,,,
,Gathering Darkness,Kevin MacLeod,"{Scary,Horror}",,,,
,Classic Horror 1,Kevin MacLeod,"{Horror,Scary}",,,,
,Classic Horror 2,Kevin MacLeod,"{Scary,Horror}",,,,
,Classic Horror 3,Kevin MacLeod,"{Horror,Scary}",,,,
,Resignation,Kevin MacLeod,"{Calm,Emotional}",,,,
,Heartwarming,Kevin MacLeod,"{Romantic,Happy}",,,,
,At Rest,Kevin MacLeod,"{Peaceful,Calm}",,,,
,Avec Soin,Kevin MacLeod,"{Romantic,Calm}",,,,
,The Parting,Kevin MacLeod,"{Emotional,Romantic}",,,,
,Thinking of You,Kevin MacLeod,"{Romantic,Calm}",,,,